-- ESTRUCTURA DE INSERT POR TABLAS
-- countries
INSERT INTO countries (isocode, name, alfaitwo, alfaisothree)
VALUES ('004', 'Afganistán', 'AF', 'AFG'),
    ('008', 'Albania', 'AL', 'ALB'),
    ('276', 'Alemania', 'DE', 'DEU'),
    ('020', 'Andorra', 'AD', 'AND'),
    ('024', 'Angola', 'AO', 'AGO'),
    ('660', 'Anguilla', 'AI', 'AIA'),
    ('010', 'Antártida', 'AQ', 'ATA'),
    ('028', 'Antigua y Barbuda', 'AG', 'ATG'),
    ('682', 'Arabia Saudí', 'SA', 'SAU'),
    ('012', 'Argelia', 'DZ', 'DZA'),
    ('032', 'Argentina', 'AR', 'ARG'),
    ('051', 'Armenia', 'AM', 'ARM'),
    ('533', 'Aruba', 'AW', 'ABW'),
    ('036', 'Australia', 'AU', 'AUS'),
    ('040', 'Austria', 'AT', 'AUT'),
    ('031', 'Azerbaiyán', 'AZ', 'AZE'),
    ('044', 'Bahamas', 'BS', 'BHS'),
    ('050', 'Bangladés', 'BD', 'BGD'),
    ('052', 'Barbados', 'BB', 'BRB'),
    ('048', 'Baréin', 'BH', 'BHR'),
    ('056', 'Belgica', 'BE', 'BEL'),
    ('084', 'Belice', 'BZ', 'BLZ'),
    ('204', 'Benin', 'BJ', 'BEN'),
    ('060', 'Bermudas', 'BM', 'BMU'),
    ('112', 'Bielorussia', 'BY', 'BLR'),
    ('104', 'Birmania', 'MM', 'MMR'),
    ('068', 'Bolivia', 'BO', 'BOL'),
    ('070', 'Bosnia y Herzegovina', 'BA', 'BIH'),
    ('072', 'Botsuana', 'BW', 'BWA'),
    ('076', 'Brasil', 'BR', 'BRA'),
    ('096', 'Brunéi', 'BN', 'BRN'),
    ('100', 'Bulgaria', 'BG', 'BGR'),
    ('854', 'Burkina Faso', 'BF', 'BFA'),
    ('108', 'Burundi', 'BI', 'BDI'),
    ('064', 'Bután', 'BT', 'BTN'),
    ('132', 'Cabo Verde', 'CV', 'CPV'),
    ('116', 'Camboya', 'KH', 'KHM'),
    ('120', 'Camerún', 'CM', 'CMR'),
    ('124', 'Canadá', 'CA', 'CAN'),
    ('535', 'Caribe Neerlandés', 'BQ', 'BES'),
    ('634', 'Catar', 'QA', 'QAT'),
    ('148', 'Chad', 'TD', 'TCD'),
    ('152', 'Chile', 'CL', 'CHL'),
    ('156', 'China', 'CN', 'CHN'),
    ('196', 'Chipre', 'CY', 'CYP'),
    ('170', 'Colombia', 'CO', 'COL'),
    ('174', 'Comoras', 'KM', 'COM'),
    ('408', 'Corea del Norte', 'KP', 'PRK'),
    ('410', 'Corea del Sur', 'KR', 'KOR'),
    ('384', 'Costa de Marfil', 'CI', 'CIV'),
    ('188', 'Costa Rica', 'CR', 'CRI'),
    ('191', 'Croacia', 'HR', 'HRV'),
    ('192', 'Cuba', 'CU', 'CUB'),
    ('531', 'Curazao', 'CW', 'CUW'),
    ('208', 'Dinamarca', 'DK', 'DNK'),
    ('212', 'Dominica', 'DM', 'DMA'),
    ('218', 'Ecuador', 'EC', 'ECU'),
    ('818', 'Egipto', 'EG', 'EGY'),
    ('222', 'El Salvador', 'SV', 'SLV'),
    ('784', 'Emiratos árabes Unidos', 'AE', 'ARE'),
    ('232', 'Eritrea', 'ER', 'ERI'),
    ('703', 'Eslovaquia', 'SK', 'SVK'),
    ('705', 'Eslovenia', 'SI', 'SVN'),
    ('724', 'España', 'ES', 'ESP'),
    (
        '583',
        'Estados Federados de Micronesia',
        'FM',
        'FSM'
    ),
    ('840', 'Estados Unidos', 'US', 'USA'),
    ('233', 'Estonia', 'EE', 'EST'),
    ('231', 'Etiopía', 'ET', 'ETH'),
    ('608', 'Filipinas', 'PH', 'PHL'),
    ('246', 'Finlandia', 'FI', 'FIN'),
    ('242', 'Fiyi', 'FJ', 'FJI'),
    ('250', 'Francia', 'FR', 'FRA'),
    ('266', 'Gabon', 'GA', 'GAB'),
    ('270', 'Gambia', 'GM', 'GMB'),
    ('268', 'Georgia', 'GE', 'GEO'),
    ('288', 'Ghana', 'GH', 'GHA'),
    ('292', 'Gibraltar', 'GI', 'GIB'),
    ('308', 'Granada', 'GD', 'GRD'),
    ('300', 'Grecia', 'GR', 'GRC'),
    ('304', 'Groenlandia', 'GL', 'GRL'),
    ('312', 'Guadelupe', 'GP', 'GLP'),
    ('316', 'Guam', 'GU', 'GUM'),
    ('320', 'Guatemala', 'GT', 'GTM'),
    ('254', 'Guayana Francesa', 'GF', 'GUF'),
    ('831', 'Guernsey', 'GG', 'GGY'),
    ('324', 'Guinea', 'GN', 'GIN'),
    ('226', 'Guinea Ecuatorial', 'GQ', 'GNQ'),
    ('624', 'Guinea-Bissau', 'GW', 'GNB'),
    ('328', 'Guyana', 'GY', 'GUY'),
    ('332', 'Haití', 'HT', 'HTI'),
    ('340', 'Honduras', 'HN', 'HND'),
    ('344', 'Hong Kong', 'HK', 'HKG'),
    ('348', 'Hungría', 'HU', 'HUN'),
    ('352', 'Iceland', 'IS', 'ISL'),
    ('356', 'India', 'IN', 'IND'),
    ('360', 'Indonesia', 'ID', 'IDN'),
    ('368', 'Irak', 'IQ', 'IRQ'),
    ('364', 'Iran', 'IR', 'IRN'),
    ('833', 'Isla de Man', 'IM', 'IMN'),
    ('162', 'Isla de Navidad', 'CX', 'CXR'),
    ('574', 'Isla Norfolk', 'NF', 'NFK'),
    ('372', 'Islandia', 'IE', 'IRL'),
    ('136', 'Islas Caimán', 'KY', 'CYM'),
    ('166', 'Islas Cocos', 'CC', 'CCK'),
    ('184', 'Islas Cook', 'CK', 'COK'),
    ('234', 'Islas Feroe', 'FO', 'FRO'),
    (
        '239',
        'Islas Georgias y Sandwich del Sur',
        'GS',
        'SGS'
    ),
    ('238', 'Islas Malvinas', 'FK', 'FLK'),
    ('580', 'Islas Marianas del Norte', 'MP', 'MNP'),
    ('584', 'Islas Marshall', 'MH', 'MHL'),
    ('612', 'Islas Pitcairn', 'PN', 'PCN'),
    ('090', 'Islas Salomón', 'SB', 'SLB'),
    ('796', 'Islas Turcas y Caicos', 'TC', 'TCA'),
    ('092', 'Islas Vírgenes Británicas', 'VG', 'VGB'),
    (
        '850',
        'Islas Vírgenes de los Estados Unidos',
        'VI',
        'VIR'
    ),
    ('376', 'Israel', 'IL', 'ISR'),
    ('380', 'Italia', 'IT', 'ITA'),
    ('388', 'Jamaica', 'JM', 'JAM'),
    ('392', 'Japón', 'JP', 'JPN'),
    ('832', 'Jersey', 'JE', 'JEY'),
    ('400', 'Jordania', 'JO', 'JOR'),
    ('398', 'Kazajistán', 'KZ', 'KAZ'),
    ('404', 'Kenia', 'KE', 'KEN'),
    ('417', 'Kirguistán', 'KG', 'KGZ'),
    ('296', 'Kiribati', 'KI', 'KIR'),
    ('153', 'Kosovo', 'XK', 'XKX'),
    ('414', 'Kuweit', 'KW', 'KWT'),
    ('418', 'Laos', 'LA', 'LAO'),
    ('426', 'Lesoto', 'LS', 'LSO'),
    ('428', 'Letonia', 'LV', 'LVA'),
    ('422', 'Libano', 'LB', 'LBN'),
    ('430', 'Liberia', 'LR', 'LBR'),
    ('434', 'Libia', 'LY', 'LBY'),
    ('438', 'Liechtenstein', 'LI', 'LIE'),
    ('440', 'Lituania', 'LT', 'LTU'),
    ('442', 'Luxemburgo', 'LU', 'LUX'),
    ('446', 'Macao', 'MO', 'MAC'),
    ('807', 'Macedonia', 'MK', 'MKD'),
    ('450', 'Madagascar', 'MG', 'MDG'),
    ('458', 'Malasia', 'MY', 'MYS'),
    ('454', 'Malaui', 'MW', 'MWI'),
    ('462', 'Maldivas', 'MV', 'MDV'),
    ('466', 'Mali', 'ML', 'MLI'),
    ('470', 'Malta', 'MT', 'MLT'),
    ('504', 'Marruecos', 'MA', 'MAR'),
    ('474', 'Martinica', 'MQ', 'MTQ'),
    ('480', 'Mauricio', 'MU', 'MUS'),
    ('478', 'Mauritania', 'MR', 'MRT'),
    ('175', 'Mayotte', 'YT', 'MYT'),
    ('484', 'México', 'MX', 'MEX'),
    ('498', 'Moldavia', 'MD', 'MDA'),
    ('492', 'Monaco', 'MC', 'MCO'),
    ('496', 'Mongolia', 'MN', 'MNG'),
    ('499', 'Monténégro', 'ME', 'MNE'),
    ('500', 'Montserrat', 'MS', 'MSR'),
    ('508', 'Mozambique', 'MZ', 'MOZ'),
    ('516', 'Namibia', 'NA', 'NAM'),
    ('520', 'Nauru', 'NR', 'NRU'),
    ('524', 'Nepal', 'NP', 'NPL'),
    ('558', 'Nicaragua', 'NI', 'NIC'),
    ('562', 'Niger', 'NE', 'NER'),
    ('566', 'Nigeria', 'NG', 'NGA'),
    ('570', 'Niue', 'NU', 'NIU'),
    ('578', 'Noruega', 'NO', 'NOR'),
    ('540', 'Nueva Caledonia', 'NC', 'NCL'),
    ('554', 'Nueva Zelanda', 'NZ', 'NZL'),
    ('512', 'Omán', 'OM', 'OMN'),
    ('528', 'Países Bajos', 'NL', 'NLD'),
    ('586', 'Pakistán', 'PK', 'PAK'),
    ('585', 'Palaos', 'PW', 'PLW'),
    ('275', 'Palestina', 'PS', 'PSE'),
    ('591', 'Panama', 'PA', 'PAN'),
    ('598', 'Papúa Nueva Guinea', 'PG', 'PNG'),
    ('600', 'Paraguay', 'PY', 'PRY'),
    ('604', 'Perú', 'PE', 'PER'),
    ('258', 'Polinesia Francesa', 'PF', 'PYF'),
    ('616', 'Polonia', 'PL', 'POL'),
    ('620', 'Portugal', 'PT', 'PRT'),
    ('630', 'Puerto Rico', 'PR', 'PRI'),
    ('826', 'Reino Unido', 'GB', 'GBR'),
    (
        '732',
        'República árabe Saharaui DemocrÁtica',
        'EH',
        'ESH'
    ),
    ('140', 'República Centroafricana', 'CF', 'CAF'),
    ('203', 'República Checa', 'CZ', 'CZE'),
    ('178', 'República del Congo', 'CG', 'COG'),
    (
        '180',
        'República DemocrÁtica del Congo',
        'CD',
        'COD'
    ),
    ('214', 'República Dominicana', 'DO', 'DOM'),
    ('638', 'Reunión', 'RE', 'REU'),
    ('646', 'Ruanda', 'RW', 'RWA'),
    ('642', 'Rumania', 'RO', 'ROU'),
    ('643', 'Rusia', 'RU', 'RUS'),
    ('882', 'Samoa', 'WS', 'WSM'),
    ('016', 'Samoa Americana', 'AS', 'ASM'),
    ('652', 'San Bartolomé', 'BL', 'BLM'),
    ('659', 'San Cristóbal y Nieves', 'KN', 'KNA'),
    ('674', 'San Marino', 'SM', 'SMR'),
    ('534', 'San Martín', 'MF', 'MAF'),
    ('666', 'San Pedro y Miquelón', 'PM', 'SPM'),
    ('670', 'San Vicente y las Granadinas', 'VC', 'VCT'),
    ('662', 'Santa Lucía', 'LC', 'LCA'),
    ('678', 'Santo Tomé y Príncipe', 'ST', 'STP'),
    ('686', 'Senegal', 'SN', 'SEN'),
    ('688', 'Serbia', 'RS', 'SRB'),
    ('690', 'Seychelles', 'SC', 'SYC'),
    ('694', 'Sierra Leona', 'SL', 'SLE'),
    ('702', 'Singapur', 'SG', 'SGP'),
    (
        '654',
        'Sint Helena, Ascension and Tristan da Cunha',
        'SH',
        'SHN'
    ),
    ('663', 'Sint-Maarten', 'SX', 'SXM'),
    ('760', 'Siria', 'SY', 'SYR'),
    ('706', 'Somalia', 'SO', 'SOM'),
    ('144', 'Sri Lanka', 'LK', 'LKA'),
    ('748', 'eSwatani', 'SZ', 'SWZ'),
    ('710', 'Sudáfrica', 'ZA', 'ZAF'),
    ('729', 'Sudán', 'SD', 'SDN'),
    ('728', 'Sudán del Sur', 'SS', 'SSD'),
    ('752', 'Suecia', 'SE', 'SWE'),
    ('756', 'Suiza', 'CH', 'CHE'),
    ('740', 'Surinam', 'SR', 'SUR'),
    ('764', 'Tailandia', 'TH', 'THA'),
    ('158', 'Taiwan', 'TW', 'TWN'),
    ('834', 'Tanzania', 'TZ', 'TZA'),
    ('762', 'Tayikistán', 'TJ', 'TJK'),
    (
        '086',
        'Territorio Británico del Océano índico',
        'IO',
        'IOT'
    ),
    (
        '260',
        'Tierras Australes y Antárticas Francesas',
        'TF',
        'ATF'
    ),
    ('626', 'Timor Oriental', 'TL', 'TLS'),
    ('768', 'Togo', 'TG', 'TGO'),
    ('772', 'Tokelau', 'TK', 'TKL'),
    ('776', 'Tonga', 'TO', 'TON'),
    ('780', 'Trinidad y Tobago', 'TT', 'TTO'),
    ('788', 'Túnez', 'TN', 'TUN'),
    ('795', 'Turkmenistán', 'TM', 'TKM'),
    ('792', 'Turquía', 'TR', 'TUR'),
    ('798', 'Tuvalu', 'TV', 'TUV'),
    ('804', 'Ucrania', 'UA', 'UKR'),
    ('800', 'Uganda', 'UG', 'UGA'),
    ('858', 'Uruguay', 'UY', 'URY'),
    ('860', 'Uzbekistán', 'UZ', 'UZB'),
    ('548', 'Vanuatu', 'VU', 'VUT'),
    ('336', 'Vaticano', 'VA', 'VAT'),
    ('862', 'Venezuela', 'VE', 'VEN'),
    ('704', 'Vietnam', 'VN', 'VNM'),
    ('876', 'Wallis y Futuna', 'WF', 'WLF'),
    ('887', 'Yemen', 'YE', 'YEM'),
    ('262', 'Yibuti', 'DJ', 'DJI'),
    ('894', 'Zambia', 'ZM', 'ZMB'),
    ('716', 'Zimbabwe', 'ZW', 'ZWE');
-- subdivisioncategories
INSERT INTO subdivisioncategories (id, description)
VALUES (1, 'Departamento'),
    (2, 'Distrito');
-- stateregions
INSERT INTO stateregions (
        code,
        name,
        country_id,
        codeust16,
        subdivision_id
    )
VALUES ('91', 'Amazonas', '170', 'CO-AMA', '1'),
    ('05', 'Antioquia', '170', 'CO-ANT', '1'),
    ('81', 'Arauca', '170', 'CO-ARA', '1'),
    ('08', 'Atlántico', '170', 'CO-ATL', '1'),
    ('13', 'Bolívar', '170', 'CO-BOL', '1'),
    ('15', 'Boyacá', '170', 'CO-BOY', '1'),
    ('17', 'Caldas', '170', 'CO-CAL', '1'),
    ('18', 'Caquetá', '170', 'CO-CAQ', '1'),
    ('85', 'Casanare', '170', 'CO-CAS', '1'),
    ('19', 'Cauca', '170', 'CO-CAU', '1'),
    ('20', 'Cesar', '170', 'CO-CES', '1'),
    ('27', 'Chocó', '170', 'CO-CHO', '1'),
    ('25', 'Cundinamarca', '170', 'CO-CUN', '1'),
    ('23', 'Córdoba', '170', 'CO-COR', '1'),
    ('11', 'Bogotá D.C.', '170', 'CO-DC', '1'),
    ('94', 'Guainía', '170', 'CO-GUA', '1'),
    ('95', 'Guaviare', '170', 'CO-GUV', '1'),
    ('41', 'Huila', '170', 'CO-HUI', '1'),
    ('44', 'La Guajira', '170', 'CO-LAG', '1'),
    ('47', 'Magdalena', '170', 'CO-MAG', '1'),
    ('50', 'Meta', '170', 'CO-MET', '1'),
    ('52', 'Nariño', '170', 'CO-NAR', '1'),
    ('54', 'Norte de Santander', '170', 'CO-NSA', '1'),
    ('86', 'Putumayo', '170', 'CO-PUT', '1'),
    ('63', 'Quindío', '170', 'CO-QUI', '1'),
    ('66', 'Risaralda', '170', 'CO-RIS', '1'),
    ('88',
        'San Andrés, Providencia y Santa Catalina',
        '170',
        'CO-SAP',
        '1'
    ),
    ('68', 'Santander', '170', 'CO-SAN', '1'),
    ('70', 'Sucre', '170', 'CO-SUC', '1'),
    ('73', 'Tolima', '170', 'CO-TOL', '1'),
    ('76', 'Valle del Cauca', '170', 'CO-VAC', '1'),
    ('97', 'Vaupés', '170', 'CO-VAU', '1'),
    ('99', 'Vichada', '170', 'CO-VID', '1');
-- citiesormunicipalities
INSERT INTO citiesormunicipalities (code, name, statereg_id)
VALUES 
('91263','El Encanto-Amazonas','91'),
('91405','La Chorrera-Amazonas','91'),
('91407','La Pedrera-Amazonas','91'),
('91430','La Victoria-Amazonas','91'),
('91001','Leticia-Amazonas','91'),
('91460','Miriti - Paraná-Amazonas','91'),
('91530','Puerto Alegria-Amazonas','91'),
('91536','Puerto Arica-Amazonas','91'),
('91540','Puerto Nariño-Amazonas','91'),
('91669','Puerto Santander-Amazonas','91'),
('91798','Tarapacá-Amazonas','91'),
('05120','Cáceres-Antioquia','05'),
('05154','Caucasia-Antioquia','05'),
('05250','El Bagre-Antioquia','05'),
('05495','Nechí-Antioquia','05'),
('05790','Tarazá-Antioquia','05'),
('05895','Zaragoza-Antioquia','05'),
('05142','Caracolí-Antioquia','05'),
('05425','Maceo-Antioquia','05'),
('05579','Puerto Berrio-Antioquia','05'),
('05585','Puerto Nare-Antioquia','05'),
('05591','Puerto Triunfo-Antioquia','05'),
('05893','Yondó-Antioquia','05'),
('05031','Amalfi-Antioquia','05'),
('05040','Anorí-Antioquia','05'),
('05190','Cisneros-Antioquia','05'),
('05604','Remedios-Antioquia','05'),
('05670','San Roque-Antioquia','05'),
('05690','Santo Domingo-Antioquia','05'),
('05736','Segovia-Antioquia','05'),
('05858','Vegachí-Antioquia','05'),
('05885','Yalí-Antioquia','05'),
('05890','Yolombó-Antioquia','05'),
('05038','Angostura-Antioquia','05'),
('05086','Belmira-Antioquia','05'),
('05107','Briceño-Antioquia','05'),
('05134','Campamento-Antioquia','05'),
('05150','Carolina-Antioquia','05'),
('05237','Don Matias-Antioquia','05'),
('05264','Entrerrios-Antioquia','05'),
('05310','Gómez Plata-Antioquia','05'),
('05315','Guadalupe-Antioquia','05'),
('05361','Ituango-Antioquia','05'),
('05647','San Andrés-Antioquia','05'),
('05658','San José De La Montaña-Antioquia','05'),
('05664','San Pedro-Antioquia','05'),
('05686','Santa Rosa De Osos-Antioquia','05'),
('05819','Toledo-Antioquia','05'),
('05854','Valdivia-Antioquia','05'),
('05887','Yarumal-Antioquia','05'),
('05004','Abriaquí-Antioquia','05'),
('05044','Anza-Antioquia','05'),
('05059','Armenia-Antioquia','05'),
('05113','Buriticá-Antioquia','05'),
('05138','Cañasgordas-Antioquia','05'),
('05234','Dabeiba-Antioquia','05'),
('05240','Ebéjico-Antioquia','05'),
('05284','Frontino-Antioquia','05'),
('05306','Giraldo-Antioquia','05'),
('05347','Heliconia-Antioquia','05'),
('05411','Liborina-Antioquia','05'),
('05501','Olaya-Antioquia','05'),
('05543','Peque-Antioquia','05'),
('05628','Sabanalarga-Antioquia','05'),
('05656','San Jerónimo-Antioquia','05'),
('05042','Santafé De Antioquia-Antioquia','05'),
('05761','Sopetran-Antioquia','05'),
('05842','Uramita-Antioquia','05'),
('05002','Abejorral-Antioquia','05'),
('05021','Alejandría-Antioquia','05'),
('05055','Argelia-Antioquia','05'),
('05148','Carmen De Viboral-Antioquia','05'),
('05197','Cocorná-Antioquia','05'),
('05206','Concepción-Antioquia','05'),
('05313','Granada-Antioquia','05'),
('05318','Guarne-Antioquia','05'),
('05321','Guatape-Antioquia','05'),
('05376','La Ceja-Antioquia','05'),
('05400','La Unión-Antioquia','05'),
('05440','Marinilla-Antioquia','05'),
('05483','Nariño-Antioquia','05'),
('05541','Peñol-Antioquia','05'),
('05607','Retiro-Antioquia','05'),
('05615','Rionegro-Antioquia','05'),
('05649','San Carlos-Antioquia','05'),
('05652','San Francisco-Antioquia','05'),
('05660','San Luis-Antioquia','05'),
('05667','San Rafael-Antioquia','05'),
('05674','San Vicente-Antioquia','05'),
('05697','Santuario-Antioquia','05'),
('05756','Sonson-Antioquia','05'),
('05030','Amaga-Antioquia','05'),
('05034','Andes-Antioquia','05'),
('05036','Angelopolis-Antioquia','05'),
('05091','Betania-Antioquia','05'),
('05093','Betulia-Antioquia','05'),
('05125','Caicedo-Antioquia','05'),
('05145','Caramanta-Antioquia','05'),
('05101','Ciudad Bolívar-Antioquia','05'),
('05209','Concordia-Antioquia','05'),
('05282','Fredonia-Antioquia','05'),
('05353','Hispania-Antioquia','05'),
('05364','Jardín-Antioquia','05'),
('05368','Jericó-Antioquia','05'),
('05390','La Pintada-Antioquia','05'),
('05467','Montebello-Antioquia','05'),
('05576','Pueblorrico-Antioquia','05'),
('05642','Salgar-Antioquia','05'),
('05679','Santa Barbara-Antioquia','05'),
('05789','Támesis-Antioquia','05'),
('05792','Tarso-Antioquia','05'),
('05809','Titiribí-Antioquia','05'),
('05847','Urrao-Antioquia','05'),
('05856','Valparaiso-Antioquia','05'),
('05861','Venecia-Antioquia','05'),
('05045','Apartadó-Antioquia','05'),
('05051','Arboletes-Antioquia','05'),
('05147','Carepa-Antioquia','05'),
('05172','Chigorodó-Antioquia','05'),
('05475','Murindó-Antioquia','05'),
('05480','Mutata-Antioquia','05'),
('05490','Necoclí-Antioquia','05'),
('05659','San Juan De Uraba-Antioquia','05'),
('05665','San Pedro De Uraba-Antioquia','05'),
('05837','Turbo-Antioquia','05'),
('05873','Vigía Del Fuerte-Antioquia','05'),
('05079','Barbosa-Antioquia','05'),
('05088','Bello-Antioquia','05'),
('05129','Caldas-Antioquia','05'),
('05212','Copacabana-Antioquia','05'),
('05266','Envigado-Antioquia','05'),
('05308','Girardota-Antioquia','05'),
('05360','Itagui-Antioquia','05'),
('05380','La Estrella-Antioquia','05'),
('05001','Medellín-Antioquia','05'),
('05631','Sabaneta-Antioquia','05'),
('81001','Arauca-Arauca','81'),
('81065','Arauquita-Arauca','81'),
('81220','Cravo Norte-Arauca','81'),
('81300','Fortul-Arauca','81'),
('81591','Puerto Rondón-Arauca','81'),
('81736','Saravena-Arauca','81'),
('81794','Tame-Arauca','81'),
('88564','Providencia Y Santa Catalina-San Andrés, Providencia y Santa Catalina','88'),
('88001','San Andres-San Andrés, Providencia y Santa Catalina','88'),
('08001','Barranquilla-Atlántico','08'),
('08296','Galapa-Atlántico','08'),
('08433','Malambo-Atlántico','08'),
('08573','Puerto Colombia-Atlántico','08'),
('08758','Soledad-Atlántico','08'),
('08137','Campo De La Cruz-Atlántico','08'),
('08141','Candelaria-Atlántico','08'),
('08421','Luruaco-Atlántico','08'),
('08436','Manati-Atlántico','08'),
('08606','Repelon-Atlántico','08'),
('08675','Santa Lucia-Atlántico','08'),
('08770','Suan-Atlántico','08'),
('08078','Baranoa-Atlántico','08'),
('08520','Palmar De Varela-Atlántico','08'),
('08558','Polonuevo-Atlántico','08'),
('08560','Ponedera-Atlántico','08'),
('08634','Sabanagrande-Atlántico','08'),
('08638','Sabanalarga-Atlántico','08'),
('08685','Santo Tomas-Atlántico','08'),
('08372','Juan De Acosta-Atlántico','08'),
('08549','Piojó-Atlántico','08'),
('08832','Tubara-Atlántico','08'),
('08849','Usiacuri-Atlántico','08'),
('11001','Bogota D.C.-Distrito Capital de Bogotá','11'),
('13188','Cicuco-Bolívar','13'),
('13300','Hatillo De Loba-Bolívar','13'),
('13440','Margarita-Bolívar','13'),
('13468','Mompós-Bolívar','13'),
('13650','San Fernando-Bolívar','13'),
('13780','Talaigua Nuevo-Bolívar','13'),
('13052','Arjona-Bolívar','13'),
('13062','Arroyohondo-Bolívar','13'),
('13140','Calamar-Bolívar','13'),
('13001','Cartagena-Bolívar','13'),
('13222','Clemencia-Bolívar','13'),
('13433','Mahates-Bolívar','13'),
('13620','San Cristobal-Bolívar','13'),
('13647','San Estanislao-Bolívar','13'),
('13673','Santa Catalina-Bolívar','13'),
('13683','Santa Rosa De Lima-Bolívar','13'),
('13760','Soplaviento-Bolívar','13'),
('13836','Turbaco-Bolívar','13'),
('13838','Turbana-Bolívar','13'),
('13873','Villanueva-Bolívar','13'),
('13030','Altos Del Rosario-Bolívar','13'),
('13074','Barranco De Loba-Bolívar','13'),
('13268','El Peñon-Bolívar','13'),
('13580','Regidor-Bolívar','13'),
('13600','Río Viejo-Bolívar','13'),
('13667','San Martin De Loba-Bolívar','13'),
('13042','Arenal-Bolívar','13'),
('13160','Cantagallo-Bolívar','13'),
('13473','Morales-Bolívar','13'),
('13670','San Pablo-Bolívar','13'),
('13688','Santa Rosa Del Sur-Bolívar','13'),
('13744','Simití-Bolívar','13'),
('13006','Achí-Bolívar','13'),
('13430','Magangué-Bolívar','13'),
('13458','Montecristo-Bolívar','13'),
('13549','Pinillos-Bolívar','13'),
('13655','San Jacinto Del Cauca-Bolívar','13'),
('13810','Tiquisio-Bolívar','13'),
('13244','Carmen De Bolívar-Bolívar','13'),
('13212','Córdoba-Bolívar','13'),
('13248','El Guamo-Bolívar','13'),
('13442','María La Baja-Bolívar','13'),
('13654','San Jacinto-Bolívar','13'),
('13657','San Juan Nepomuceno-Bolívar','13'),
('13894','Zambrano-Bolívar','13'),
('15232','Chíquiza-Boyacá','15'),
('15187','Chivatá-Boyacá','15'),
('15204','Cómbita-Boyacá','15'),
('15224','Cucaita-Boyacá','15'),
('15476','Motavita-Boyacá','15'),
('15500','Oicatá-Boyacá','15'),
('15646','Samacá-Boyacá','15'),
('15740','Siachoque-Boyacá','15'),
('15762','Sora-Boyacá','15'),
('15764','Soracá-Boyacá','15'),
('15763','Sotaquirá-Boyacá','15'),
('15814','Toca-Boyacá','15'),
('15001','Tunja-Boyacá','15'),
('15837','Tuta-Boyacá','15'),
('15861','Ventaquemada-Boyacá','15'),
('15180','Chiscas-Boyacá','15'),
('15223','Cubará-Boyacá','15'),
('15244','El Cocuy-Boyacá','15'),
('15248','El Espino-Boyacá','15'),
('15317','Guacamayas-Boyacá','15'),
('15332','Güicán-Boyacá','15'),
('15522','Panqueba-Boyacá','15'),
('15377','Labranzagrande-Boyacá','15'),
('15518','Pajarito-Boyacá','15'),
('15533','Paya-Boyacá','15'),
('15550','Pisba-Boyacá','15'),
('15090','Berbeo-Boyacá','15'),
('15135','Campohermoso-Boyacá','15'),
('15455','Miraflores-Boyacá','15'),
('15514','Páez-Boyacá','15'),
('15660','San Eduardo-Boyacá','15'),
('15897','Zetaquira-Boyacá','15'),
('15104','Boyacá-Boyacá','15'),
('15189','Ciénega-Boyacá','15'),
('15367','Jenesano-Boyacá','15'),
('15494','Nuevo Colón-Boyacá','15'),
('15599','Ramiriquí-Boyacá','15'),
('15621','Rondón-Boyacá','15'),
('15804','Tibaná-Boyacá','15'),
('15835','Turmequé-Boyacá','15'),
('15842','Umbita-Boyacá','15'),
('15879','Viracachá-Boyacá','15'),
('15172','Chinavita-Boyacá','15'),
('15299','Garagoa-Boyacá','15'),
('15425','Macanal-Boyacá','15'),
('15511','Pachavita-Boyacá','15'),
('15667','San Luis De Gaceno-Boyacá','15'),
('15690','Santa María-Boyacá','15'),
('15097','Boavita-Boyacá','15'),
('15218','Covarachía-Boyacá','15'),
('15403','La Uvita-Boyacá','15'),
('15673','San Mateo-Boyacá','15'),
('15720','Sativanorte-Boyacá','15'),
('15723','Sativasur-Boyacá','15'),
('15753','Soatá-Boyacá','15'),
('15774','Susacón-Boyacá','15'),
('15810','Tipacoque-Boyacá','15'),
('15106','Briceño-Boyacá','15'),
('15109','Buenavista-Boyacá','15'),
('15131','Caldas-Boyacá','15'),
('15176','Chiquinquirá-Boyacá','15'),
('15212','Coper-Boyacá','15'),
('15401','La Victoria-Boyacá','15'),
('15442','Maripí-Boyacá','15'),
('15480','Muzo-Boyacá','15'),
('15507','Otanche-Boyacá','15'),
('15531','Pauna-Boyacá','15'),
('15572','Puerto Boyaca-Boyacá','15'),
('15580','Quípama-Boyacá','15'),
('15632','Saboyá-Boyacá','15'),
('15676','San Miguel De Sema-Boyacá','15'),
('15681','San Pablo Borbur-Boyacá','15'),
('15832','Tununguá-Boyacá','15'),
('15022','Almeida-Boyacá','15'),
('15236','Chivor-Boyacá','15'),
('15322','Guateque-Boyacá','15'),
('15325','Guayatá-Boyacá','15'),
('15380','La Capilla-Boyacá','15'),
('15761','Somondoco-Boyacá','15'),
('15778','Sutatenza-Boyacá','15'),
('15798','Tenza-Boyacá','15'),
('15051','Arcabuco-Boyacá','15'),
('15185','Chitaraque-Boyacá','15'),
('15293','Gachantivá-Boyacá','15'),
('15469','Moniquirá-Boyacá','15'),
('15600','Ráquira-Boyacá','15'),
('15638','Sáchica-Boyacá','15'),
('15664','San José De Pare-Boyacá','15'),
('15696','Santa Sofía-Boyacá','15'),
('15686','Santana-Boyacá','15'),
('15776','Sutamarchán-Boyacá','15'),
('15808','Tinjacá-Boyacá','15'),
('15816','Togüí-Boyacá','15'),
('15407','Villa De Leyva-Boyacá','15'),
('15047','Aquitania-Boyacá','15'),
('15226','Cuítiva-Boyacá','15'),
('15272','Firavitoba-Boyacá','15'),
('15296','Gameza-Boyacá','15'),
('15362','Iza-Boyacá','15'),
('15464','Mongua-Boyacá','15'),
('15466','Monguí-Boyacá','15'),
('15491','Nobsa-Boyacá','15'),
('15542','Pesca-Boyacá','15'),
('15759','Sogamoso-Boyacá','15'),
('15806','Tibasosa-Boyacá','15'),
('15820','Tópaga-Boyacá','15'),
('15822','Tota-Boyacá','15'),
('15087','Belén-Boyacá','15'),
('15114','Busbanzá-Boyacá','15'),
('15162','Cerinza-Boyacá','15'),
('15215','Corrales-Boyacá','15'),
('15238','Duitama-Boyacá','15'),
('15276','Floresta-Boyacá','15'),
('15516','Paipa-Boyacá','15'),
('15693','San Rosa Viterbo-Boyacá','15'),
('15839','Tutazá-Boyacá','15'),
('15092','Betéitiva-Boyacá','15'),
('15183','Chita-Boyacá','15'),
('15368','Jericó-Boyacá','15'),
('15537','Paz De Río-Boyacá','15'),
('15757','Socha-Boyacá','15'),
('15755','Socotá-Boyacá','15'),
('15790','Tasco-Boyacá','15'),
('17272','Filadelfia-Caldas','17'),
('17388','La Merced-Caldas','17'),
('17442','Marmato-Caldas','17'),
('17614','Riosucio-Caldas','17'),
('17777','Supía-Caldas','17'),
('17433','Manzanares-Caldas','17'),
('17444','Marquetalia-Caldas','17'),
('17446','Marulanda-Caldas','17'),
('17541','Pensilvania-Caldas','17'),
('17042','Anserma-Caldas','17'),
('17088','Belalcázar-Caldas','17'),
('17616','Risaralda-Caldas','17'),
('17665','San José-Caldas','17'),
('17877','Viterbo-Caldas','17'),
('17174','Chinchina-Caldas','17'),
('17001','Manizales-Caldas','17'),
('17486','Neira-Caldas','17'),
('17524','Palestina-Caldas','17'),
('17873','Villamaria-Caldas','17'),
('17013','Aguadas-Caldas','17'),
('17050','Aranzazu-Caldas','17'),
('17513','Pácora-Caldas','17'),
('17653','Salamina-Caldas','17'),
('17380','La Dorada-Caldas','17'),
('17495','Norcasia-Caldas','17'),
('17662','Samaná-Caldas','17'),
('17867','Victoria-Caldas','17'),
('18029','Albania-Caquetá','18'),
('18094','Belén De Los Andaquies-Caquetá','18'),
('18150','Cartagena Del Chairá-Caquetá','18'),
('18205','Currillo-Caquetá','18'),
('18247','El Doncello-Caquetá','18'),
('18256','El Paujil-Caquetá','18'),
('18001','Florencia-Caquetá','18'),
('18410','La Montañita-Caquetá','18'),
('18460','Milan-Caquetá','18'),
('18479','Morelia-Caquetá','18'),
('18592','Puerto Rico-Caquetá','18'),
('18610','San Jose Del Fragua-Caquetá','18'),
('18753','San Vicente Del Caguán-Caquetá','18'),
('18756','Solano-Caquetá','18'),
('18785','Solita-Caquetá','18'),
('18860','Valparaiso-Caquetá','18'),
('85010','Aguazul-Casanare','85'),
('85015','Chameza-Casanare','85'),
('85125','Hato Corozal-Casanare','85'),
('85136','La Salina-Casanare','85'),
('85139','Maní-Casanare','85'),
('85162','Monterrey-Casanare','85'),
('85225','Nunchía-Casanare','85'),
('85230','Orocué-Casanare','85'),
('85250','Paz De Ariporo-Casanare','85'),
('85263','Pore-Casanare','85'),
('85279','Recetor-Casanare','85'),
('85300','Sabanalarga-Casanare','85'),
('85315','Sácama-Casanare','85'),
('85325','San Luis De Palenque-Casanare','85'),
('85400','Támara-Casanare','85'),
('85410','Tauramena-Casanare','85'),
('85430','Trinidad-Casanare','85'),
('85440','Villanueva-Casanare','85'),
('85001','Yopal-Casanare','85'),
('19130','Cajibío-Cauca','19'),
('19256','El Tambo-Cauca','19'),
('19392','La Sierra-Cauca','19'),
('19473','Morales-Cauca','19'),
('19548','Piendamo-Cauca','19'),
('19001','Popayán-Cauca','19'),
('19622','Rosas-Cauca','19'),
('19760','Sotara-Cauca','19'),
('19807','Timbio-Cauca','19'),
('19110','Buenos Aires-Cauca','19'),
('19142','Caloto-Cauca','19'),
('19212','Corinto-Cauca','19'),
('19455','Miranda-Cauca','19'),
('19513','Padilla-Cauca','19'),
('19573','Puerto Tejada-Cauca','19'),
('19698','Santander De Quilichao-Cauca','19'),
('19780','Suarez-Cauca','19'),
('19845','Villa Rica-Cauca','19'),
('19318','Guapi-Cauca','19'),
('19418','Lopez-Cauca','19'),
('19809','Timbiqui-Cauca','19'),
('19137','Caldono-Cauca','19'),
('19355','Inzá-Cauca','19'),
('19364','Jambalo-Cauca','19'),
('19517','Paez-Cauca','19'),
('19585','Purace-Cauca','19'),
('19743','Silvia-Cauca','19'),
('19821','Toribio-Cauca','19'),
('19824','Totoro-Cauca','19'),
('19022','Almaguer-Cauca','19'),
('19050','Argelia-Cauca','19'),
('19075','Balboa-Cauca','19'),
('19100','Bolívar-Cauca','19'),
('19290','Florencia-Cauca','19'),
('19397','La Vega-Cauca','19'),
('19450','Mercaderes-Cauca','19'),
('19532','Patia-Cauca','19'),
('19533','Piamonte-Cauca','19'),
('19693','San Sebastian-Cauca','19'),
('19701','Santa Rosa-Cauca','19'),
('19785','Sucre-Cauca','19'),
('20045','Becerril-Cesar','20'),
('20175','Chimichagua-Cesar','20'),
('20178','Chiriguana-Cesar','20'),
('20228','Curumaní-Cesar','20'),
('20400','La Jagua De Ibirico-Cesar','20'),
('20517','Pailitas-Cesar','20'),
('20787','Tamalameque-Cesar','20'),
('20032','Astrea-Cesar','20'),
('20060','Bosconia-Cesar','20'),
('20238','El Copey-Cesar','20'),
('20250','El Paso-Cesar','20'),
('20013','Agustín Codazzi-Cesar','20'),
('20621','La Paz-Cesar','20'),
('20443','Manaure-Cesar','20'),
('20570','Pueblo Bello-Cesar','20'),
('20750','San Diego-Cesar','20'),
('20001','Valledupar-Cesar','20'),
('20011','Aguachica-Cesar','20'),
('20295','Gamarra-Cesar','20'),
('20310','González-Cesar','20'),
('20383','La Gloria-Cesar','20'),
('20550','Pelaya-Cesar','20'),
('20614','Río De Oro-Cesar','20'),
('20710','San Alberto-Cesar','20'),
('20770','San Martín-Cesar','20'),
('27050','Atrato-Chocó','27'),
('27073','Bagadó-Chocó','27'),
('27099','Bojaya-Chocó','27'),
('27245','El Carmen De Atrato-Chocó','27'),
('27413','Lloró-Chocó','27'),
('27425','Medio Atrato-Chocó','27'),
('27001','Quibdó-Chocó','27'),
('27600','Rio Quito-Chocó','27'),
('27006','Acandí-Chocó','27'),
('27086','Belén De Bajira-Chocó','27'),
('27150','Carmén Del Darién-Chocó','27'),
('27615','Riosucio-Chocó','27'),
('27800','Unguía-Chocó','27'),
('27075','Bahía Solano-Chocó','27'),
('27372','Juradó-Chocó','27'),
('27495','Nuquí-Chocó','27'),
('27025','Alto Baudó-Chocó','27'),
('27077','Bajo Baudó-Chocó','27'),
('27250','El Litoral Del San Juan-Chocó','27'),
('27430','Medio Baudó-Chocó','27'),
('27135','Canton De San Pablo-Chocó','27'),
('27160','Certegui-Chocó','27'),
('27205','Condoto-Chocó','27'),
('27361','Itsmina-Chocó','27'),
('27450','Medio San Juan-Chocó','27'),
('27491','Nóvita-Chocó','27'),
('27580','Río Frío-Chocó','27'),
('27660','San José Del Palmar-Chocó','27'),
('27745','Sipí-Chocó','27'),
('27787','Tadó-Chocó','27'),
('27810','Union Panamericana-Chocó','27'),
('23807','Tierralta-Córdoba','23'),
('23855','Valencia-Córdoba','23'),
('23168','Chimá-Córdoba','23'),
('23300','Cotorra-Córdoba','23'),
('23417','Lorica-Córdoba','23'),
('23464','Momil-Córdoba','23'),
('23586','Purísima-Córdoba','23'),
('23001','Montería-Córdoba','23'),
('23090','Canalete-Córdoba','23'),
('23419','Los Córdobas-Córdoba','23'),
('23500','Moñitos-Córdoba','23'),
('23574','Puerto Escondido-Córdoba','23'),
('23672','San Antero-Córdoba','23'),
('23675','San Bernardo Del Viento-Córdoba','23'),
('23182','Chinú-Córdoba','23'),
('23660','Sahagún-Córdoba','23'),
('23670','San Andrés Sotavento-Córdoba','23'),
('23068','Ayapel-Córdoba','23'),
('23079','Buenavista-Córdoba','23'),
('23350','La Apartada-Córdoba','23'),
('23466','Montelíbano-Córdoba','23'),
('23555','Planeta Rica-Córdoba','23'),
('23570','Pueblo Nuevo-Córdoba','23'),
('23580','Puerto Libertador-Córdoba','23'),
('23162','Cereté-Córdoba','23'),
('23189','Ciénaga De Oro-Córdoba','23'),
('23678','San Carlos-Córdoba','23'),
('23686','San Pelayo-Córdoba','23'),
('25183','Chocontá-Cundinamarca','25'),
('25426','Macheta-Cundinamarca','25'),
('25436','Manta-Cundinamarca','25'),
('25736','Sesquilé-Cundinamarca','25'),
('25772','Suesca-Cundinamarca','25'),
('25807','Tibirita-Cundinamarca','25'),
('25873','Villapinzón-Cundinamarca','25'),
('25001','Agua De Dios-Cundinamarca','25'),
('25307','Girardot-Cundinamarca','25'),
('25324','Guataquí-Cundinamarca','25'),
('25368','Jerusalén-Cundinamarca','25'),
('25483','Nariño-Cundinamarca','25'),
('25488','Nilo-Cundinamarca','25'),
('25612','Ricaurte-Cundinamarca','25'),
('25815','Tocaima-Cundinamarca','25'),
('25148','Caparrapí-Cundinamarca','25'),
('25320','Guaduas-Cundinamarca','25'),
('25572','Puerto Salgar-Cundinamarca','25'),
('25019','Albán-Cundinamarca','25'),
('25398','La Peña-Cundinamarca','25'),
('25402','La Vega-Cundinamarca','25'),
('25489','Nimaima-Cundinamarca','25'),
('25491','Nocaima-Cundinamarca','25'),
('25592','Quebradanegra-Cundinamarca','25'),
('25658','San Francisco-Cundinamarca','25'),
('25718','Sasaima-Cundinamarca','25'),
('25777','Supatá-Cundinamarca','25'),
('25851','Útica-Cundinamarca','25'),
('25862','Vergara-Cundinamarca','25'),
('25875','Villeta-Cundinamarca','25'),
('25293','Gachala-Cundinamarca','25'),
('25297','Gacheta-Cundinamarca','25'),
('25299','Gama-Cundinamarca','25'),
('25322','Guasca-Cundinamarca','25'),
('25326','Guatavita-Cundinamarca','25'),
('25372','Junín-Cundinamarca','25'),
('25377','La Calera-Cundinamarca','25'),
('25839','Ubalá-Cundinamarca','25'),
('25086','Beltrán-Cundinamarca','25'),
('25095','Bituima-Cundinamarca','25'),
('25168','Chaguaní-Cundinamarca','25'),
('25328','Guayabal De Siquima-Cundinamarca','25'),
('25580','Puli-Cundinamarca','25'),
('25662','San Juan De Río Seco-Cundinamarca','25'),
('25867','Vianí-Cundinamarca','25'),
('25438','Medina-Cundinamarca','25'),
('25530','Paratebueno-Cundinamarca','25'),
('25151','Caqueza-Cundinamarca','25'),
('25178','Chipaque-Cundinamarca','25'),
('25181','Choachí-Cundinamarca','25'),
('25279','Fomeque-Cundinamarca','25'),
('25281','Fosca-Cundinamarca','25'),
('25335','Guayabetal-Cundinamarca','25'),
('25339','Gutiérrez-Cundinamarca','25'),
('25594','Quetame-Cundinamarca','25'),
('25841','Ubaque-Cundinamarca','25'),
('25845','Une-Cundinamarca','25'),
('25258','El Peñón-Cundinamarca','25'),
('25394','La Palma-Cundinamarca','25'),
('25513','Pacho-Cundinamarca','25'),
('25518','Paime-Cundinamarca','25'),
('25653','San Cayetano-Cundinamarca','25'),
('25823','Topaipi-Cundinamarca','25'),
('25871','Villagomez-Cundinamarca','25'),
('25885','Yacopí-Cundinamarca','25'),
('25126','Cajicá-Cundinamarca','25'),
('25175','Chía-Cundinamarca','25'),
('25200','Cogua-Cundinamarca','25'),
('25295','Gachancipá-Cundinamarca','25'),
('25486','Nemocon-Cundinamarca','25'),
('25758','Sopó-Cundinamarca','25'),
('25785','Tabio-Cundinamarca','25'),
('25817','Tocancipá-Cundinamarca','25'),
('25899','Zipaquirá-Cundinamarca','25'),
('25099','Bojacá-Cundinamarca','25'),
('25214','Cota-Cundinamarca','25'),
('25260','El Rosal-Cundinamarca','25'),
('25269','Facatativá-Cundinamarca','25'),
('25286','Funza-Cundinamarca','25'),
('25430','Madrid-Cundinamarca','25'),
('25473','Mosquera-Cundinamarca','25'),
('25769','Subachoque-Cundinamarca','25'),
('25799','Tenjo-Cundinamarca','25'),
('25898','Zipacon-Cundinamarca','25'),
('25740','Sibaté-Cundinamarca','25'),
('25754','Soacha-Cundinamarca','25'),
('25053','Arbeláez-Cundinamarca','25'),
('25120','Cabrera-Cundinamarca','25'),
('25290','Fusagasugá-Cundinamarca','25'),
('25312','Granada-Cundinamarca','25'),
('25524','Pandi-Cundinamarca','25'),
('25535','Pasca-Cundinamarca','25'),
('25649','San Bernardo-Cundinamarca','25'),
('25743','Silvania-Cundinamarca','25'),
('25805','Tibacuy-Cundinamarca','25'),
('25506','Venecia-Cundinamarca','25'),
('25035','Anapoima-Cundinamarca','25'),
('25040','Anolaima-Cundinamarca','25'),
('25599','Apulo-Cundinamarca','25'),
('25123','Cachipay-Cundinamarca','25'),
('25245','El Colegio-Cundinamarca','25'),
('25386','La Mesa-Cundinamarca','25'),
('25596','Quipile-Cundinamarca','25'),
('25645','San Antonio De Tequendama-Cundinamarca','25'),
('25797','Tena-Cundinamarca','25'),
('25878','Viotá-Cundinamarca','25'),
('25154','Carmen De Carupa-Cundinamarca','25'),
('25224','Cucunubá-Cundinamarca','25'),
('25288','Fúquene-Cundinamarca','25'),
('25317','Guachetá-Cundinamarca','25'),
('25407','Lenguazaque-Cundinamarca','25'),
('25745','Simijaca-Cundinamarca','25'),
('25779','Susa-Cundinamarca','25'),
('25781','Sutatausa-Cundinamarca','25'),
('25793','Tausa-Cundinamarca','25'),
('25843','Ubate-Cundinamarca','25'),
('94343','Barranco Mina-Guainía','94'),
('94886','Cacahual-Guainía','94'),
('94001','Inírida-Guainía','94'),
('94885','La Guadalupe-Guainía','94'),
('94663','Mapiripan-Guainía','94'),
('94888','Morichal-Guainía','94'),
('94887','Pana Pana-Guainía','94'),
('94884','Puerto Colombia-Guainía','94'),
('94883','San Felipe-Guainía','94'),
('95015','Calamar-Guaviare','95'),
('95025','El Retorno-Guaviare','95'),
('95200','Miraflores-Guaviare','95'),
('95001','San José Del Guaviare-Guaviare','95'),
('41013','Agrado-Huila','41'),
('41026','Altamira-Huila','41'),
('41298','Garzón-Huila','41'),
('41306','Gigante-Huila','41'),
('41319','Guadalupe-Huila','41'),
('41548','Pital-Huila','41'),
('41770','Suaza-Huila','41'),
('41791','Tarqui-Huila','41'),
('41016','Aipe-Huila','41'),
('41020','Algeciras-Huila','41'),
('41078','Baraya-Huila','41'),
('41132','Campoalegre-Huila','41'),
('41206','Colombia-Huila','41'),
('41349','Hobo-Huila','41'),
('41357','Iquira-Huila','41'),
('41001','Neiva-Huila','41'),
('41524','Palermo-Huila','41'),
('41615','Rivera-Huila','41'),
('41676','Santa María-Huila','41'),
('41799','Tello-Huila','41'),
('41801','Teruel-Huila','41'),
('41872','Villavieja-Huila','41'),
('41885','Yaguará-Huila','41'),
('41378','La Argentina-Huila','41'),
('41396','La Plata-Huila','41'),
('41483','Nátaga-Huila','41'),
('41518','Paicol-Huila','41'),
('41797','Tesalia-Huila','41'),
('41006','Acevedo-Huila','41'),
('41244','Elías-Huila','41'),
('41359','Isnos-Huila','41'),
('41503','Oporapa-Huila','41'),
('41530','Palestina-Huila','41'),
('41551','Pitalito-Huila','41'),
('41660','Saladoblanco-Huila','41'),
('41668','San Agustín-Huila','41'),
('41807','Timaná-Huila','41'),
('44035','Albania-La Guajira','44'),
('44090','Dibulla-La Guajira','44'),
('44430','Maicao-La Guajira','44'),
('44560','Manaure-La Guajira','44'),
('44001','Riohacha-La Guajira','44'),
('44847','Uribia-La Guajira','44'),
('44078','Barrancas-La Guajira','44'),
('44098','Distraccion-La Guajira','44'),
('44110','El Molino-La Guajira','44'),
('44279','Fonseca-La Guajira','44'),
('44378','Hatonuevo-La Guajira','44'),
('44420','La Jagua Del Pilar-La Guajira','44'),
('44650','San Juan Del Cesar-La Guajira','44'),
('44855','Urumita-La Guajira','44'),
('44874','Villanueva-La Guajira','44'),
('47058','Ariguaní-Magdalena','47'),
('47170','Chibolo-Magdalena','47'),
('47460','Nueva Granada-Magdalena','47'),
('47555','Plato-Magdalena','47'),
('47660','Sabanas De San Angel-Magdalena','47'),
('47798','Tenerife-Magdalena','47'),
('47030','Algarrobo-Magdalena','47'),
('47053','Aracataca-Magdalena','47'),
('47189','Ciénaga-Magdalena','47'),
('47268','El Reten-Magdalena','47'),
('47288','Fundacion-Magdalena','47'),
('47570','Pueblo Viejo-Magdalena','47'),
('47980','Zona Bananera-Magdalena','47'),
('47161','Cerro San Antonio-Magdalena','47'),
('47205','Concordia-Magdalena','47'),
('47258','El Piñon-Magdalena','47'),
('47541','Pedraza-Magdalena','47'),
('47551','Pivijay-Magdalena','47'),
('47605','Remolino-Magdalena','47'),
('47675','Salamina-Magdalena','47'),
('47745','Sitionuevo-Magdalena','47'),
('47960','Zapayan-Magdalena','47'),
('47001','Santa Marta-Magdalena','47'),
('47245','El Banco-Magdalena','47'),
('47318','Guamal-Magdalena','47'),
('47545','Pijiño Del Carmen-Magdalena','47'),
('47692','San Sebastian De Buenavista-Magdalena','47'),
('47703','San Zenon-Magdalena','47'),
('47707','Santa Ana-Magdalena','47'),
('47720','Santa Barbara De Pinto-Magdalena','47'),
('50251','El Castillo-Meta','50'),
('50270','El Dorado-Meta','50'),
('50287','Fuente De Oro-Meta','50'),
('50313','Granada-Meta','50'),
('50350','La Macarena-Meta','50'),
('50370','La Uribe-Meta','50'),
('50400','Lejanías-Meta','50'),
('50325','Mapiripan-Meta','50'),
('50330','Mesetas-Meta','50'),
('50450','Puerto Concordia-Meta','50'),
('50577','Puerto Lleras-Meta','50'),
('50590','Puerto Rico-Meta','50'),
('50683','San Juan De Arama-Meta','50'),
('50711','Vista Hermosa-Meta','50'),
('50001','Villavicencio-Meta','50'),
('50006','Acacias-Meta','50'),
('50110','Barranca De Upia-Meta','50'),
('50150','Castilla La Nueva-Meta','50'),
('50226','Cumaral-Meta','50'),
('50245','El Calvario-Meta','50'),
('50318','Guamal-Meta','50'),
('50606','Restrepo-Meta','50'),
('50680','San Carlos Guaroa-Meta','50'),
('50686','San Juanito-Meta','50'),
('50223','San Luis De Cubarral-Meta','50'),
('50689','San Martín-Meta','50'),
('50124','Cabuyaro-Meta','50'),
('50568','Puerto Gaitán-Meta','50'),
('50573','Puerto Lopez-Meta','50'),
('52240','Chachagui-Nariño','52'),
('52207','Consaca-Nariño','52'),
('52254','El Peñol-Nariño','52'),
('52260','El Tambo-Nariño','52'),
('52381','La Florida-Nariño','52'),
('52480','Nariño-Nariño','52'),
('52001','Pasto-Nariño','52'),
('52683','Sandoná-Nariño','52'),
('52788','Tangua-Nariño','52'),
('52885','Yacuanquer-Nariño','52'),
('52036','Ancuya-Nariño','52'),
('52320','Guaitarilla-Nariño','52'),
('52385','La Llanada-Nariño','52'),
('52411','Linares-Nariño','52'),
('52418','Los Andes-Nariño','52'),
('52435','Mallama-Nariño','52'),
('52506','Ospina-Nariño','52'),
('52565','Providencia-Nariño','52'),
('52612','Ricaurte-Nariño','52'),
('52678','Samaniego-Nariño','52'),
('52699','Santa Cruz-Nariño','52'),
('52720','Sapuyes-Nariño','52'),
('52838','Tuquerres-Nariño','52'),
('52079','Barbacoas-Nariño','52'),
('52250','El Charco-Nariño','52'),
('52520','Francisco Pizarro-Nariño','52'),
('52390','La Tola-Nariño','52'),
('52427','Magui-Nariño','52'),
('52473','Mosquera-Nariño','52'),
('52490','Olaya Herrera-Nariño','52'),
('52621','Roberto Payan-Nariño','52'),
('52696','Santa Barbara-Nariño','52'),
('52835','Tumaco-Nariño','52'),
('52019','Alban-Nariño','52'),
('52051','Arboleda-Nariño','52'),
('52083','Belen-Nariño','52'),
('52110','Buesaco-Nariño','52'),
('52203','Colon-Nariño','52'),
('52233','Cumbitara-Nariño','52'),
('52256','El Rosario-Nariño','52'),
('52258','El Tablon De Gomez-Nariño','52'),
('52378','La Cruz-Nariño','52'),
('52399','La Union-Nariño','52'),
('52405','Leiva-Nariño','52'),
('52540','Policarpa-Nariño','52'),
('52685','San Bernardo-Nariño','52'),
('52687','San Lorenzo-Nariño','52'),
('52693','San Pablo-Nariño','52'),
('52694','San Pedro De Cartago-Nariño','52'),
('52786','Taminango-Nariño','52'),
('52022','Aldana-Nariño','52'),
('52210','Contadero-Nariño','52'),
('52215','Córdoba-Nariño','52'),
('52224','Cuaspud-Nariño','52'),
('52227','Cumbal-Nariño','52'),
('52287','Funes-Nariño','52'),
('52317','Guachucal-Nariño','52'),
('52323','Gualmatan-Nariño','52'),
('52352','Iles-Nariño','52'),
('52354','Imues-Nariño','52'),
('52356','Ipiales-Nariño','52'),
('52560','Potosí-Nariño','52'),
('52573','Puerres-Nariño','52'),
('52585','Pupiales-Nariño','52'),
('54051','Arboledas-Norte de Santander','54'),
('54223','Cucutilla-Norte de Santander','54'),
('54313','Gramalote-Norte de Santander','54'),
('54418','Lourdes-Norte de Santander','54'),
('54660','Salazar-Norte de Santander','54'),
('54680','Santiago-Norte de Santander','54'),
('54871','Villa Caro-Norte de Santander','54'),
('54109','Bucarasica-Norte de Santander','54'),
('54250','El Tarra-Norte de Santander','54'),
('54720','Sardinata-Norte de Santander','54'),
('54810','Tibú-Norte de Santander','54'),
('54003','Abrego-Norte de Santander','54'),
('54128','Cachirá-Norte de Santander','54'),
('54206','Convención-Norte de Santander','54'),
('54245','El Carmen-Norte de Santander','54'),
('54344','Hacarí-Norte de Santander','54'),
('54385','La Esperanza-Norte de Santander','54'),
('54398','La Playa-Norte de Santander','54'),
('54498','Ocaña-Norte de Santander','54'),
('54670','San Calixto-Norte de Santander','54'),
('54800','Teorama-Norte de Santander','54'),
('54001','Cúcuta-Norte de Santander','54'),
('54261','El Zulia-Norte de Santander','54'),
('54405','Los Patios-Norte de Santander','54'),
('54553','Puerto Santander-Norte de Santander','54'),
('54673','San Cayetano-Norte de Santander','54'),
('54874','Villa Del Rosario-Norte de Santander','54'),
('54125','Cácota-Norte de Santander','54'),
('54174','Chitagá-Norte de Santander','54'),
('54480','Mutiscua-Norte de Santander','54'),
('54518','Pamplona-Norte de Santander','54'),
('54520','Pamplonita-Norte de Santander','54'),
('54743','Silos-Norte de Santander','54'),
('54099','Bochalema-Norte de Santander','54'),
('54172','Chinácota-Norte de Santander','54'),
('54239','Durania-Norte de Santander','54'),
('54347','Herrán-Norte de Santander','54'),
('54377','Labateca-Norte de Santander','54'),
('54599','Ragonvalia-Norte de Santander','54'),
('54820','Toledo-Norte de Santander','54'),
('86219','Colón-Putumayo','86'),
('86001','Mocoa-Putumayo','86'),
('86320','Orito-Putumayo','86'),
('86568','Puerto Asis-Putumayo','86'),
('86569','Puerto Caicedo-Putumayo','86'),
('86571','Puerto Guzman-Putumayo','86'),
('86573','Puerto Leguizamo-Putumayo','86'),
('86755','San Francisco-Putumayo','86'),
('86757','San Miguel-Putumayo','86'),
('86760','Santiago-Putumayo','86'),
('86749','Sibundoy-Putumayo','86'),
('86865','Valle Del Guamuez-Putumayo','86'),
('86885','Villa Garzon-Putumayo','86'),
('63001','Armenia-Quindío','63'),
('63111','Buenavista-Quindío','63'),
('63130','Calarca-Quindío','63'),
('63212','Cordoba-Quindío','63'),
('63302','Genova-Quindío','63'),
('63548','Pijao-Quindío','63'),
('63272','Filandia-Quindío','63'),
('63690','Salento-Quindío','63'),
('63190','Circasia-Quindío','63'),
('63401','La Tebaida-Quindío','63'),
('63470','Montengro-Quindío','63'),
('63594','Quimbaya-Quindío','63'),
('66170','Dosquebradas-Risaralda','66'),
('66400','La Virginia-Risaralda','66'),
('66440','Marsella-Risaralda','66'),
('66001','Pereira-Risaralda','66'),
('66682','Santa Rosa De Cabal-Risaralda','66'),
('66045','Apía-Risaralda','66'),
('66075','Balboa-Risaralda','66'),
('66088','Belén De Umbría-Risaralda','66'),
('66318','Guática-Risaralda','66'),
('66383','La Celia-Risaralda','66'),
('66594','Quinchia-Risaralda','66'),
('66687','Santuario-Risaralda','66'),
('66456','Mistrató-Risaralda','66'),
('66572','Pueblo Rico-Risaralda','66'),
('68176','Chima-Santander','68'),
('68209','Confines-Santander','68'),
('68211','Contratación-Santander','68'),
('68245','El Guacamayo-Santander','68'),
('68296','Galán-Santander','68'),
('68298','Gambita-Santander','68'),
('68320','Guadalupe-Santander','68'),
('68322','Guapotá-Santander','68'),
('68344','Hato-Santander','68'),
('68500','Oiba-Santander','68'),
('68522','Palmar-Santander','68'),
('68524','Palmas Del Socorro-Santander','68'),
('68720','Santa Helena Del Opón-Santander','68'),
('68745','Simacota-Santander','68'),
('68755','Socorro-Santander','68'),
('68770','Suaita-Santander','68'),
('68147','Capitanejo-Santander','68'),
('68152','Carcasí-Santander','68'),
('68160','Cepitá-Santander','68'),
('68162','Cerrito-Santander','68'),
('68207','Concepción-Santander','68'),
('68266','Enciso-Santander','68'),
('68318','Guaca-Santander','68'),
('68425','Macaravita-Santander','68'),
('68432','Málaga-Santander','68'),
('68468','Molagavita-Santander','68'),
('68669','San Andrés-Santander','68'),
('68684','San José De Miranda-Santander','68'),
('68686','San Miguel-Santander','68'),
('68051','Aratoca-Santander','68'),
('68079','Barichara-Santander','68'),
('68121','Cabrera-Santander','68'),
('68167','Charalá-Santander','68'),
('68217','Coromoro-Santander','68'),
('68229','Curití-Santander','68'),
('68264','Encino-Santander','68'),
('68370','Jordán-Santander','68'),
('68464','Mogotes-Santander','68'),
('68498','Ocamonte-Santander','68'),
('68502','Onzaga-Santander','68'),
('68533','Páramo-Santander','68'),
('68549','Pinchote-Santander','68'),
('68679','San Gil-Santander','68'),
('68682','San Joaquín-Santander','68'),
('68855','Valle De San José-Santander','68'),
('68872','Villanueva-Santander','68'),
('68081','Barrancabermeja-Santander','68'),
('68092','Betulia-Santander','68'),
('68235','El Carmen De Chucurí-Santander','68'),
('68575','Puerto Wilches-Santander','68'),
('68655','Sabana De Torres-Santander','68'),
('68689','San Vicente De Chucurí-Santander','68'),
('68895','Zapatoca-Santander','68'),
('68001','Bucaramanga-Santander','68'),
('68132','California-Santander','68'),
('68169','Charta-Santander','68'),
('68255','El Playón-Santander','68'),
('68276','Floridablanca-Santander','68'),
('68307','Girón-Santander','68'),
('68406','Lebríja-Santander','68'),
('68418','Los Santos-Santander','68'),
('68444','Matanza-Santander','68'),
('68547','Piedecuesta-Santander','68'),
('68615','Rionegro-Santander','68'),
('68705','Santa Bárbara-Santander','68'),
('68780','Surata-Santander','68'),
('68820','Tona-Santander','68'),
('68867','Vetas-Santander','68'),
('68013','Aguada-Santander','68'),
('68020','Albania-Santander','68'),
('68077','Barbosa-Santander','68'),
('68101','Bolívar-Santander','68'),
('68179','Chipatá-Santander','68'),
('68190','Cimitarra-Santander','68'),
('68250','El Peñón-Santander','68'),
('68271','Florián-Santander','68'),
('68324','Guavatá-Santander','68'),
('68327','Guepsa-Santander','68'),
('68368','Jesús María-Santander','68'),
('68377','La Belleza-Santander','68'),
('68397','La Paz-Santander','68'),
('68385','Landázuri-Santander','68'),
('68572','Puente Nacional-Santander','68'),
('68573','Puerto Parra-Santander','68'),
('68673','San Benito-Santander','68'),
('68773','Sucre-Santander','68'),
('68861','Vélez-Santander','68'),
('70265','Guaranda-Sucre','70'),
('70429','Majagual-Sucre','70'),
('70771','Sucre-Sucre','70'),
('70230','Chalán-Sucre','70'),
('70204','Coloso-Sucre','70'),
('70473','Morroa-Sucre','70'),
('70508','Ovejas-Sucre','70'),
('70001','Sincelejo-Sucre','70'),
('70221','Coveñas-Sucre','70'),
('70523','Palmito-Sucre','70'),
('70713','San Onofre-Sucre','70'),
('70820','Santiago De Tolú-Sucre','70'),
('70823','Tolú Viejo-Sucre','70'),
('70110','Buenavista-Sucre','70'),
('70215','Corozal-Sucre','70'),
('70233','El Roble-Sucre','70'),
('70235','Galeras-Sucre','70'),
('70418','Los Palmitos-Sucre','70'),
('70670','Sampués-Sucre','70'),
('70702','San Juan Betulia-Sucre','70'),
('70717','San Pedro-Sucre','70'),
('70742','Sincé-Sucre','70'),
('70124','Caimito-Sucre','70'),
('70400','La Unión-Sucre','70'),
('70678','San Benito Abad-Sucre','70'),
('70708','San Marcos-Sucre','70'),
('73030','Ambalema-Tolima','73'),
('73055','Armero-Tolima','73'),
('73270','Falan-Tolima','73'),
('73283','Fresno-Tolima','73'),
('73349','Honda-Tolima','73'),
('73443','Mariquita-Tolima','73'),
('73520','Palocabildo-Tolima','73'),
('73148','Carmen De Apicalá-Tolima','73'),
('73226','Cunday-Tolima','73'),
('73352','Icononzo-Tolima','73'),
('73449','Melgar-Tolima','73'),
('73873','Villarrica-Tolima','73'),
('73067','Ataco-Tolima','73'),
('73168','Chaparral-Tolima','73'),
('73217','Coyaima-Tolima','73'),
('73483','Natagaima-Tolima','73'),
('73504','Ortega-Tolima','73'),
('73555','Planadas-Tolima','73'),
('73616','Rioblanco-Tolima','73'),
('73622','Roncesvalles-Tolima','73'),
('73675','San Antonio-Tolima','73'),
('73026','Alvarado-Tolima','73'),
('73043','Anzoátegui-Tolima','73'),
('73124','Cajamarca-Tolima','73'),
('73200','Coello-Tolima','73'),
('73268','Espinal-Tolima','73'),
('73275','Flandes-Tolima','73'),
('73001','Ibague-Tolima','73'),
('73547','Piedras-Tolima','73'),
('73624','Rovira-Tolima','73'),
('73678','San Luis-Tolima','73'),
('73854','Valle De San Juan-Tolima','73'),
('73024','Alpujarra-Tolima','73'),
('73236','Dolores-Tolima','73'),
('73319','Guamo-Tolima','73'),
('73563','Prado-Tolima','73'),
('73585','Purificación-Tolima','73'),
('73671','Saldaña-Tolima','73'),
('73770','Suárez-Tolima','73'),
('73152','Casabianca-Tolima','73'),
('73347','Herveo-Tolima','73'),
('73408','Lerida-Tolima','73'),
('73411','Libano-Tolima','73'),
('73461','Murillo-Tolima','73'),
('73686','Santa Isabel-Tolima','73'),
('73861','Venadillo-Tolima','73'),
('73870','Villahermosa-Tolima','73'),
('76036','Andalucía-Valle del Cauca','76'),
('76111','Buga-Valle del Cauca','76'),
('76113','Bugalagrande-Valle del Cauca','76'),
('76126','Calima-Valle del Cauca','76'),
('76248','El Cerrito-Valle del Cauca','76'),
('76306','Ginebra-Valle del Cauca','76'),
('76318','Guacarí-Valle del Cauca','76'),
('76606','Restrepo-Valle del Cauca','76'),
('76616','Riofrio-Valle del Cauca','76'),
('76670','San Pedro-Valle del Cauca','76'),
('76828','Trujillo-Valle del Cauca','76'),
('76834','Tuluá-Valle del Cauca','76'),
('76890','Yotoco-Valle del Cauca','76'),
('76020','Alcala-Valle del Cauca','76'),
('76041','Ansermanuevo-Valle del Cauca','76'),
('76054','Argelia-Valle del Cauca','76'),
('76100','Bolívar-Valle del Cauca','76'),
('76147','Cartago-Valle del Cauca','76'),
('76243','El Águila-Valle del Cauca','76'),
('76246','El Cairo-Valle del Cauca','76'),
('76250','El Dovio-Valle del Cauca','76'),
('76400','La Unión-Valle del Cauca','76'),
('76403','La Victoria-Valle del Cauca','76'),
('76497','Obando-Valle del Cauca','76'),
('76622','Roldanillo-Valle del Cauca','76'),
('76823','Toro-Valle del Cauca','76'),
('76845','Ulloa-Valle del Cauca','76'),
('76863','Versalles-Valle del Cauca','76'),
('76895','Zarzal-Valle del Cauca','76'),
('76109','Buenaventura-Valle del Cauca','76'),
('76122','Caicedonia-Valle del Cauca','76'),
('76736','Sevilla-Valle del Cauca','76'),
('76001','Cali-Valle del Cauca','76'),
('76130','Candelaria-Valle del Cauca','76'),
('76233','Dagua-Valle del Cauca','76'),
('76275','Florida-Valle del Cauca','76'),
('76364','Jamundí-Valle del Cauca','76'),
('76377','La Cumbre-Valle del Cauca','76'),
('76520','Palmira-Valle del Cauca','76'),
('76563','Pradera-Valle del Cauca','76'),
('76869','Vijes-Valle del Cauca','76'),
('76892','Yumbo-Valle del Cauca','76'),
('97161','Caruru-Vaupés','97'),
('97001','Mitú-Vaupés','97'),
('97511','Pacoa-Vaupés','97'),
('97777','Papunahua-Vaupés','97'),
('97666','Taraira-Vaupés','97'),
('97889','Yavaraté-Vaupés','97'),
('99773','Cumaribo-Vichada','99'),
('99524','La Primavera-Vichada','99'),
('99001','Puerto Carreño-Vichada','99'),
('99624','Santa Rosalía-Vichada','99');

-- typesidentifications
INSERT INTO typesidentifications (id, description, sufix)
VALUES ('1', 'Registro Civil de Nacimiento', 'RC'),
    ('2', 'Tarjeta de Identidad', 'TI'),
    ('3', 'Cédula de Ciudadanía', 'CC'),
    ('4', 'Cédula de Extranjería', 'CE'),
    ('5', 'Tarjeta de Extranjería', 'TE'),
    ('6', 'Número de Identificación Tributaria', 'NIT'),
    ('7', 'Pasaporte', 'PA'),
    ('8', 'Permiso Especial de Permanencia', 'PEP'),
    ('9', 'Permiso por Protección Temporal', 'PPT'),
    ('10', 'Adulto Sin Identificación', 'AS'),
    ('11', 'Menor Sin Identificación', 'MS'),
    ('12', 'Carné Diplomático', 'CD'),
    ('13', 'Salvoconducto', 'SC'),
    (
        '14',
        'Documento de Identificación Extranjero',
        'DE'
    );
-- audiences
INSERT INTO audiences (id, description)
VALUES (1, 'Jóvenes emprendedores'),
    (2, 'Profesionales'),
    (3, 'Adultos mayores');
-- categories
INSERT INTO categories (id, description)
VALUES (1, 'Periféricos y Accesorios de Computo'),
    (2, 'Monitores y Pantallas'),
    (3, 'Muebles y Ergonomía'),
    (4, 'Redes y Comunicaciones'),
    (5, 'Almacenamiento y Dispositivos Portátiles'),
    (6, 'Audio y Video'),
    (7, 'Computadores y Portátiles'),
    (8, 'Electrodomésticos para el Hogar'),
    (9, 'Electrodomésticos Inteligentes'),
    (10, 'Tecnología Wearable'),
    (11, 'Software Empresarial'),
    (12, 'Equipos Industriales y de Construcción'),
    (13, 'Agricultura y Medio Ambiente'),
    (14, 'Seguridad y Vigilancia'),
    (15, 'Herramientas Profesionales y EPP'),
    (16, 'Energía y Suministro Eléctrico'),
    (17, 'Diseño, Topografía y Drones'),
    (
        18,
        'Redes Empresariales y Seguridad Informática'
    );
-- companies
INSERT INTO companies (
        id,
        type_id,
        name,
        category_id,
        city_id,
        audience_id,
        cellphone,
        email
    )
VALUES (
        'CMP016',
        6,
        'Logística Amazonia S.A.S',
        2,
        '91001',
        1,
        '3257677789',
        'contacto@amazonia.com'
    ),
    (
        'CMP017',
        3,
        'AgroIndustrias Antioquia',
        1,
        '05001',
        2,
        '3268788890',
        'ventas@agroantioquia.com'
    ),
    (
        'CMP018',
        7,
        'Construcciones Llanos Ltda',
        3,
        '81001',
        3,
        '3279899901',
        'info@construccionesllanos.com'
    ),
    (
        'CMP019',
        1,
        'Inversiones Caribe S.A.',
        2,
        '08001',
        1,
        '3281011123',
        'contacto@inversionescaribe.com'
    ),
    (
        'CMP020',
        2,
        'Comercializadora Bolivar',
        1,
        '13001',
        2,
        '3292122234',
        'ventas@comercializadorabolivar.com'
    ),
    (
        'CMP021',
        6,
        'Distribuciones Andinas Boyacá',
        3,
        '15001',
        3,
        '3003233345',
        'distribuciones@boyaca.com'
    ),
    (
        'CMP022',
        3,
        'Servicios Cafeteros Caldas',
        2,
        '17001',
        1,
        '3014344456',
        'info@cafeteroscaldas.com'
    ),
    (
        'CMP023',
        7,
        'Transportes Selva SAS',
        1,
        '18001',
        2,
        '3025455567',
        'transportes@selva.com'
    ),
    (
        'CMP024',
        5,
        'Ganadería Casanare Ltda',
        3,
        '85001',
        3,
        '3036566678',
        'ganaderia@casanare.com'
    ),
    (
        'CMP025',
        6,
        'Artesanías Cauca SAS',
        2,
        '19001',
        1,
        '3047677789',
        'ventas@artesaniascauca.com'
    ),
    (
        'CMP026',
        3,
        'AgroCesar S.A.',
        1,
        '20001',
        2,
        '3058788890',
        'agro@cesar.com'
    ),
    (
        'CMP027',
        7,
        'Comercio Pacífico Chocó',
        3,
        '27001',
        3,
        '3069899901',
        'contacto@pacificochoco.com'
    ),
    (
        'CMP028',
        1,
        'Urbanizaciones Cundinamarca',
        2,
        '25001',
        1,
        '3071011123',
        'info@urbancundinamarca.com'
    ),
    (
        'CMP029',
        2,
        'Lácteos Córdoba SAS',
        1,
        '23001',
        2,
        '3082122234',
        'ventas@lacteoscordoba.com'
    ),
    (
        'CMP030',
        6,
        'Tecnología Capital S.A.S',
        3,
        '11001',
        3,
        '3093233345',
        'contacto@tecnologiacapital.com'
    ),
    -- Bogotá D.C.
    (
        'CMP031',
        3,
        'Minería Guainía Ltda',
        2,
        '94001',
        1,
        '3104344456',
        'mineria@guainia.com'
    ),
    (
        'CMP032',
        7,
        'Turismo Guaviare SAS',
        1,
        '95001',
        2,
        '3115455567',
        'turismo@guaviare.com'
    ),
    (
        'CMP033',
        5,
        'Cafés del Huila S.A.',
        3,
        '41001',
        3,
        '3126566678',
        'cafes@huila.com'
    ),
    (
        'CMP034',
        6,
        'Comercial La Guajira',
        2,
        '44001',
        1,
        '3137677789',
        'comercial@laguajira.com'
    ),
    (
        'CMP035',
        3,
        'Pesquera Magdalena Ltda',
        1,
        '47001',
        2,
        '3148788890',
        'info@pesqueramagdalena.com'
    ),
    (
        'CMP036',
        7,
        'Petróleo Meta SAS',
        3,
        '50001',
        3,
        '3159899901',
        'petroleo@meta.com'
    ),
    (
        'CMP037',
        1,
        'Cultivos Nariño S.A.',
        2,
        '52001',
        1,
        '3161011123',
        'cultivos@narino.com'
    ),
    (
        'CMP038',
        2,
        'Modas Santander Norte',
        1,
        '54001',
        2,
        '3172122234',
        'modas@santandernorte.com'
    ),
    (
        'CMP039',
        6,
        'Flores Putumayo SAS',
        3,
        '86001',
        3,
        '3183233345',
        'flores@putumayo.com'
    ),
    (
        'CMP040',
        3,
        'Bienes Raíces Quindío',
        2,
        '63001',
        1,
        '3194344456',
        'bienesraices@quindio.com'
    ),
    (
        'CMP041',
        7,
        'Servicios Risaralda S.A.',
        1,
        '66001',
        2,
        '3005455567',
        'servicios@risaralda.com'
    ),
    (
        'CMP042',
        5,
        'Dulces San Andrés',
        3,
        '88001',
        3,
        '3016566678',
        'dulces@sanandres.com'
    ),
    (
        'CMP043',
        6,
        'Textiles Santander Ltda',
        2,
        '68001',
        1,
        '3027677789',
        'textiles@santander.com'
    ),
    (
        'CMP044',
        3,
        'Arroces Sucre SAS',
        1,
        '70001',
        2,
        '3038788890',
        'arroces@sucre.com'
    ),
    (
        'CMP045',
        7,
        'Inversiones Tolima',
        3,
        '73001',
        3,
        '3049899901',
        'inversiones@tolima.com'
    ),
    (
        'CMP046',
        1,
        'Tecnología Valle S.A.S',
        2,
        '76001',
        1,
        '3051011123',
        'tecnologia@valle.com'
    ),
    (
        'CMP047',
        2,
        'Ecoturismo Vaupés',
        1,
        '97001',
        2,
        '3062122234',
        'ecoturismo@vaupes.com'
    ),
    (
        'CMP048',
        6,
        'Comercializadora Vichada',
        3,
        '99001',
        3,
        '3073233345',
        'comercializadora@vichada.com'
    );
-- customers
INSERT INTO customers (
        id,
        name,
        city_id,
        audience_id,
        cellphone,
        email,
        address
    )
VALUES (
        21,
        'Sofía Giraldo',
        '08001',
        1,
        '3201122334',
        'sgiraldo@email.com',
        'Calle 7 #12-34'
    ),
    (
        22,
        'Ricardo Vega',
        '17001',
        3,
        '3212233445',
        'rvega@email.com',
        'Cra 2 #56-78'
    ),
    (
        23,
        'Elena Castro',
        '18001',
        2,
        '3223344556',
        'ecastro@email.com',
        'Av. 5 #90-11'
    ),
    (
        24,
        'Gabriel Osorio',
        '19001',
        1,
        '3234455667',
        'gosorio@email.com',
        'Carrera 15 #23-45'
    ),
    (
        25,
        'Valeria Díaz',
        '20001',
        3,
        '3245566778',
        'vdiaz@email.com',
        'Diagonal 8 #67-89'
    ),
    (
        26,
        'Samuel Quintero',
        '23001',
        2,
        '3256677889',
        'squintero@email.com',
        'Callejon 3 #10-21'
    ),
    (
        27,
        'Mariana Rojas',
        '25001',
        1,
        '3267788990',
        'mrojas@email.com',
        'Transversal 7 #34-56'
    ),
    (
        28,
        'Alejandro Vargas',
        '27001',
        3,
        '3278899001',
        'avargas@email.com',
        'Avenida Principal #78-90'
    ),
    (
        29,
        'Andrea Mendoza',
        '41001',
        2,
        '3289900112',
        'amendoza@email.com',
        'Circular 1 #22-33'
    ),
    (
        30,
        'Fernando Ortiz',
        '44001',
        1,
        '3290011223',
        'fortiz@email.com',
        'Boulevard 9 #45-67'
    ),
    (
        31,
        'Natalia Franco',
        '47001',
        3,
        '3001122334',
        'nfranco@email.com',
        'Manzana 4 #88-99'
    ),
    (
        32,
        'Sebastián Guzmán',
        '52001',
        2,
        '3012233445',
        'sguzman@email.com',
        'Lote 12 #56-78'
    ),
    (
        33,
        'Carolina Herrera',
        '54001',
        1,
        '3023344556',
        'cherrera@email.com',
        'Vereda El Carmen #123'
    ),
    (
        34,
        'Cristian Mora',
        '63001',
        3,
        '3034455667',
        'cmora@email.com',
        'Barrio La Paz #45-67'
    ),
    (
        35,
        'Valeria Pinzón',
        '66001',
        2,
        '3045566778',
        'vpinzon@email.com',
        'Sector Industrial #8-90'
    ),
    (
        36,
        'Julián Castro',
        '70001',
        1,
        '3056677889',
        'jcastro@email.com',
        'Condominio Campestre #5'
    ),
    (
        37,
        'Ana María Soto',
        '73001',
        3,
        '3067788990',
        'amsoto@email.com',
        'Conjunto Residencial #3-21'
    ),
    (
        38,
        'Daniel Beltrán',
        '81001',
        2,
        '3078899001',
        'dbeltran@email.com',
        'Granja San Isidro #1'
    ),
    (
        39,
        'Laura Benítez',
        '85001',
        1,
        '3089900112',
        'lbenitez@email.com',
        'Parcela 7 #33-44'
    ),
    (
        40,
        'Pedro Jiménez',
        '88001',
        3,
        '3090011223',
        'pjimenez@email.com',
        'Isla Providencia #77-88'
    );
-- favorites
INSERT INTO favorites (id, customer_id, company_id)
VALUES 
(1, 21, 'CMP019'),
(2, 22, 'CMP028'),
(3, 23, 'CMP037'),
(4, 24, 'CMP046'),
(5, 25, 'CMP020'),
(6, 26, 'CMP029'),
(7, 27, 'CMP038'),
(8, 28, 'CMP047'),
(9, 29, 'CMP017'),
(10, 30, 'CMP022'),
(11, 31, 'CMP026'),
(12, 32, 'CMP031'),
(13, 33, 'CMP035'),
(14, 34, 'CMP040'),
(15, 35, 'CMP044');


-- details_favorites
INSERT INTO details_favorites (favorite_id, product_id)
VALUES 
(1, 2), 
(1, 5),
(2, 7), 
(2, 12),
(3, 9), 
(3, 14),
(4, 1), 
(4, 18),
(5, 20), 
(5, 25),
(6, 33), 
(6, 8),
(7, 6), 
(7, 11),
(8, 3), 
(8, 27),
(9, 4), 
(9, 17),
(10, 31), 
(10, 29),
(11, 16),
(12, 19),
(13, 26),
(14, 22),
(15, 35);


-- products
INSERT INTO products (id, name, detail, price, category_id, image)
VALUES (
        1,
        'Teclado Gamer Mecánico RGB',
        'Teclado retroiluminado con switches Cherry MX',
        159.99,
        1,
        'image1.jpg'
    ),
    (
        2,
        'Monitor LED 24" Full HD',
        'Pantalla IPS con resolución 1920x1080 y puertos HDMI/DisplayPort',
        499.50,
        2,
        'image2.jpg'
    ),
    (
        3,
        'Silla Ergonómica Ejecutiva',
        'Silla de oficina con soporte lumbar ajustable y reposacabezas',
        289.00,
        3,
        ''
    ),
    (
        4,
        'Router Wi-Fi 6 AX3000',
        'Conexión de alta velocidad y cobertura extendida para el hogar',
        199.99,
        1,
        'image4.jpg'
    ),
    (
        5,
        'Disco Duro Externo SSD 1TB',
        'Almacenamiento portátil de estado sólido USB-C 3.2 Gen2',
        99.90,
        2,
        'image5.jpg'
    ),
    (
        6,
        'Auriculares Bluetooth con ANC',
        'Diadema inalámbrica con cancelación activa de ruido y 30h batería',
        129.00,
        3,
        'image6.jpg'
    ),
    (
        7,
        'Webcam 4K Ultra HD',
        'Cámara web con micrófono estéreo para streaming y videoconferencias',
        89.99,
        1,
        'image7.jpg'
    ),
    (
        8,
        'Laptop Ultrabook 15.6"',
        'Intel i7, 16GB RAM, 512GB SSD, pantalla táctil',
        1650.75,
        2,
        'image8.jpg'
    ),
    (
        9,
        'Mouse Vertical Ergonómico',
        'Diseño para reducir tensión en la muñeca, DPI ajustable',
        49.99,
        3,
        'image9.jpg'
    ),
    (
        10,
        'Cámara de Seguridad Exterior 1080p',
        'Resistente al agua, visión nocturna a color, detección IA',
        220.00,
        1,
        'image10.jpg'
    ),
    (
        11,
        'Tableta Gráfica con Pantalla',
        '16 pulgadas, 8192 niveles de presión, ideal para profesionales',
        310.00,
        2,
        'image11.jpg'
    ),
    (
        12,
        'Horno Microondas Integrable',
        '25 litros, función convección y grill, panel táctil',
        450.99,
        3,
        'image12.jpg'
    ),
    (
        13,
        'Licuadora de Alta Potencia',
        '1500W, vaso de tritán irrompible, programas preestablecidos',
        375.00,
        1,
        ''
    ),
    (
        14,
        'Aire Acondicionado Split Inverter',
        '12000 BTU, eficiencia energética A+++, control Wi-Fi',
        1250.00,
        2,
        'image14.jpg'
    ),
    (
        15,
        'Smartwatch Deportivo GPS',
        'Monitoreo de frecuencia cardíaca, oxígeno en sangre, pagos NFC',
        279.99,
        3,
        'image15.jpg'
    ),
    (
        16,
        'TV LED 55" 4K UHD Smart TV',
        'Procesador inteligente, Google TV integrado, HDR10+',
        1850.00,
        1,
        'image16.jpg'
    ),
    (
        17,
        'Parlante Bluetooth Portátil',
        'Impermeable, 20W de potencia, 15 horas de batería',
        135.75,
        2,
        ''
    ),
    (
        18,
        'Cafetera Superautomática',
        'Muele grano, prepara capuccino y latte macchiato, pantalla táctil',
        399.00,
        3,
        'image18.jpg'
    ),
    (
        19,
        'Refrigerador No Frost 300L',
        'Eficiencia energética A+, dispensador de agua, zona convertible',
        2100.00,
        1,
        'image19.jpg'
    ),
    (
        20,
        'Cámara Réflex Digital DSLR',
        '24MP, video 4K, lente 18-55mm, conectividad Wi-Fi',
        3200.00,
        2,
        'image20.jpg'
    ),
    (
        21,
        'Software de Gestión Logística Integral',
        'Plataforma avanzada para optimización de cadenas de suministro y distribución.',
        4500.00,
        1,
        'image21.jpg'
    ),
    (
        22,
        'Máquina de Soldadura por Arco Industrial',
        'Equipo de alta resistencia para soldadura MIG/MAG en entornos industriales.',
        890.50,
        2,
        'image22.jpg'
    ),
    (
        23,
        'Sistema de Riego Automático Inteligente',
        'Kit completo con sensores de humedad y programación Wi-Fi para jardines y cultivos.',
        1200.00,
        3,
        'image23.jpg'
    ),
    (
        24,
        'Baterías de Litio para Almacenamiento Solar',
        'Módulos de baterías de alta capacidad para sistemas de energía fotovoltaica.',
        750.00,
        1,
        'image24.jpg'
    ),
    (
        25,
        'Compostador Urbano para Residuos Orgánicos',
        'Diseño compacto y eficiente para la gestión de residuos en el hogar o pequeña empresa.',
        1500.00,
        2,
        'image25.jpg'
    ),
    (
        26,
        'Kit de Análisis de Suelo para Agricultura',
        'Equipos portátiles para determinar nutrientes y pH del suelo en campo.',
        620.00,
        3,
        'image26.jpg'
    ),
    (
        27,
        'Sembradora de Precisión para Hortalizas',
        'Maquinaria agrícola para siembra eficiente de semillas pequeñas.',
        18500.00,
        1,
        'image27.jpg'
    ),
    (
        28,
        'Contenedores de Almacenamiento Refrigerados',
        'Unidades móviles para el transporte y conservación de productos perecederos.',
        3500.00,
        2,
        'image28.jpg'
    ),
    (
        29,
        'Equipo de Protección Personal (EPP) Industrial',
        'Cascos, guantes, gafas de seguridad y calzado para ambientes laborales.',
        980.00,
        3,
        'image29.jpg'
    ),
    (
        30,
        'Bombas de Vacío para Procesos Industriales',
        'Equipos de alto rendimiento para aplicaciones de vacío en manufactura.',
        1100.00,
        1,
        'image30.jpg'
    ),
    (
        31,
        'Software BIM para Diseño de Edificios',
        'Herramienta de modelado de información de construcción para arquitectos e ingenieros.',
        7800.00,
        2,
        'image31.jpg'
    ),
    (
        32,
        'Drones para Topografía y Mapeo',
        'Drones con GPS RTK y cámaras de alta resolución para levantamientos topográficos.',
        4200.00,
        3,
        'image32.jpg'
    ),
    (
        33,
        'Nutrientes Hidropónicos Avanzados (Set)',
        'Fórmulas concentradas para cultivos sin suelo, mejora el crecimiento vegetal.',
        120.00,
        1,
        'image33.jpg'
    ),
    (
        34,
        'Sistemas de Ventilación Industrial Inteligente',
        'Control climático automatizado y filtración de aire para grandes espacios.',
        2900.00,
        2,
        'image34.jpg'
    ),
    (
        35,
        'Switch de Red Gigabit Gestionable',
        'Conmutador de 24 puertos para infraestructura de red empresarial de alto rendimiento.',
        850.00,
        3,
        'image35.jpg'
    ),
    (
        36,
        'Firewall de Nueva Generación (NGFW)',
        'Dispositivo de seguridad perimetral con prevención de intrusiones y filtrado de contenido.',
        1500.00,
        1,
        'image36.jpg'
    ),
    (
        37,
        'Cortadora Láser CNC de Metales',
        'Máquina de corte de precisión para fabricación industrial, alta velocidad.',
        1700.00,
        2,
        'image37.jpg'
    ),
    (
        38,
        'Estación de Carga Eléctrica para Vehículos',
        'Punto de recarga rápida para autos eléctricos y flotas comerciales.',
        380.00,
        3,
        'image38.jpg'
    ),
    (
        39,
        'Kit de Primeros Auxilios Industrial (Completo)',
        'Botiquín de emergencia con suministros para grandes empresas y obras.',
        75.00,
        1,
        'image39.jpg'
    ),
    (
        40,
        'Generador Eléctrico de Emergencia (Diesel)',
        'Capacidad de 100 kVA para respaldo energético en caso de cortes de suministro.',
        950.00,
        2,
        'image40.jpg'
    );
-- unitofmeasure
INSERT INTO unitofmeasure (id, description)
VALUES (1, 'Unidad'),
    (2, 'Caja'),
    (3, 'Paquete'),
    (4, 'Litro'),
    (5, 'Metro');
-- companyproducts
INSERT INTO companyproducts (company_id, product_id, price, unitmeasure_id)
VALUES 
('CMP020', 1, 1054.33, 1),
('CMP019', 2, 1372.33, 1),
('CMP019', 3, 2466.25, 3),
('CMP023', 4, 1768.53, 3),
('CMP020', 5, 2233.35, 5),
('CMP023', 6, 1043.95, 1),
('CMP021', 7, 1734.23, 1),
('CMP023', 8, 732.25, 5),
('CMP021', 9, 549.76, 1),
('CMP020', 10, 2637.26, 4),
('CMP019', 11, 839.11, 4),
('CMP021', 12, 448.08, 4),
('CMP021', 13, 1198.54, 4),
('CMP020', 14, 1256.04, 4),
('CMP020', 15, 1068.21, 2),
('CMP019', 16, 2492.75, 5),
('CMP020', 17, 111.22, 5),
('CMP020', 18, 971.13, 1),
('CMP021', 19, 830.05, 4),
('CMP022', 20, 1097.57, 1);

-- polls
INSERT INTO polls (id, name)
VALUES (1, 'Encuesta Satisfacción Clientes'),
    (2, 'Preferencias de Productos'),
    (3, 'Calidad del Servicio');
-- categories_polls

INSERT INTO categories_polls (id, name)
VALUES (1, 'Electrónica'),
    (2, 'Hogar y Cocina'),
    (3, 'Industria y Construcción'),
    (4, 'Agricultura');

-- polls_companies
INSERT INTO polls_companies (company_id, poll_id)
VALUES 
('CMP019', 1),
('CMP019', 2),
('CMP020', 3);

-- pollproducts
INSERT INTO pollproducts (poll_id, product_id)
VALUES (1, 1),
    (1, 2),
    (1, 3),
    (1, 4),
    (1, 5),
    (2, 6),
    (2, 7),
    (2, 8),
    (2, 9),
    (2, 10),
    (3, 11),
    (3, 12),
    (3, 13),
    (3, 14),
    (3, 15);
-- customerpollratings
INSERT INTO customerpollratings (customer_id, poll_id, daterating, rating)
VALUES 
(21, 1, '2025-07-10', 2),
(22, 1, '2024-07-18', 3),
(23, 1, '2024-02-09', 2),
(24, 2, '2025-01-25', 3),
(25, 3, '2023-06-13', 5),
(26, 1, '2023-08-24', 2),
(27, 3, '2023-03-12', 3),
(28, 2, '2025-03-11', 2),
(29, 1, '2023-08-29', 3),
(30, 3, '2025-12-10', 1),
(31, 3, '2024-05-13', 4),
(32, 2, '2024-09-20', 5),
(33, 3, '2024-05-03', 1),
(34, 2, '2023-01-10', 5),
(35, 3, '2025-02-05', 5);


-- category_poll_links
INSERT INTO category_poll_links (
    company_id,
    categorypoll_id,
    poll_id,
    daterating,
    rating
)
VALUES 
('CMP019', 4, 3, '2024-10-11', 4),
('CMP020', 4, 3, '2024-03-01', 1),
('CMP019', 1, 3, '2024-08-20', 1),
('CMP020', 2, 2, '2023-09-17', 1),
('CMP017', 2, 2, '2025-08-17', 1),
('CMP028', 4, 3, '2024-11-26', 3),
('CMP026', 1, 2, '2024-11-07', 5),
('CMP019', 1, 1, '2023-05-12', 3),
('CMP017', 2, 3, '2025-12-09', 1),
('CMP026', 3, 1, '2024-07-22', 3),
('CMP017', 4, 3, '2025-07-16', 4),
('CMP019', 4, 2, '2023-02-12', 5),
('CMP020', 3, 1, '2024-01-10', 2),
('CMP020', 1, 1, '2024-09-15', 1);



-- memberships
INSERT INTO memberships (id, name, description)
VALUES 
(1, 'Básica', 'Acceso limitado a contenido'),
(2, 'Premium', 'Acceso completo a contenido y beneficios'),
(3, 'Empresarial', 'Beneficios para empresas y estadísticas');

-- periods
INSERT INTO periods (id, name)
VALUES (1, 'Semanal'),
    (2, 'Quincenal'),
    (3, 'Mensual'),
    (4, 'Trimestral'),
    (5, 'Anual');
-- membershipperiods
INSERT INTO membershipperiods (membership_id, period_id, price)
VALUES 
    (1, 1, 177.34),
    (1, 2, 151.40),
    (1, 3, 187.51),
    (2, 1, 129.66),
    (2, 2, 128.49),
    (2, 3, 89.64),
    (3, 1, 197.18),
    (3, 2, 112.52),
    (3, 3, 93.22);

-- benefits
INSERT INTO benefits (id, description, detail)
VALUES 
(1, 'Acceso a promociones', 'Descuentos exclusivos en productos seleccionados'),
(2, 'Envío gratuito', 'Envío sin costo en compras mayores a cierto monto'),
(3, 'Atención prioritaria', 'Soporte al cliente preferencial'),
(4, 'Reportes detallados', 'Estadísticas y análisis avanzados para negocios');

-- membershipbenefits
INSERT INTO membershipbenefits (membership_id, benefit_id)
VALUES (1, 1),
    (2, 1),
    (2, 2),
    (2, 3),
    (3, 1),
    (3, 2),
    (3, 3),
    (3, 4);
-- audiencebenefits
INSERT INTO audiencebenefits (audience_id, benefit_id)
VALUES (1, 4),
    (2, 4),
    (3, 1);


INSERT INTO quality_products (product_id, customer_id, quality_level, quality_score)
VALUES
  (1, 101, 'alta', 4.5),
  (1, 102, 'media', 3.5),
  (2, 103, 'baja', 2.5),
  (2, 104, 'media', 3.5),
  (5, 105, 'alta', 4.5),
  (5, 106, 'alta', 4.5);
